{
	"info": {
		"_postman_id": "4af61707-eae5-48ff-b113-ad68c01957f9",
		"name": "Experiment Service APIs",
		"description": "An example workflow demonstrating the complete workflow for interacting with the experiment service, including creating services and allocating buckets",
		"schema": "https://schema.getpostman.com/json/collection/v2.1.0/collection.json"
	},
	"item": [
		{
			"name": "Creating a service",
			"event": [
				{
					"listen": "test",
					"script": {
						"id": "f0dca538-4801-4cf9-8cf7-09104cab3bd8",
						"exec": [
							"var result = JSON.parse(responseBody);",
							"",
							"if (result.success) {",
							"    pm.globals.set(\"service_id\", JSON.parse(responseBody).data.service.id);",
							"}"
						],
						"type": "text/javascript"
					}
				}
			],
			"request": {
				"method": "POST",
				"header": [
					{
						"key": "Content-Type",
						"name": "Content-Type",
						"value": "application/json",
						"type": "text"
					}
				],
				"body": {
					"mode": "raw",
					"raw": "{\n    \"name\": \"test-service-{{$guid}}\",\n    \"active\": true\n}"
				},
				"url": {
					"raw": "http://localhost:3000/api/v1/services",
					"protocol": "http",
					"host": [
						"localhost"
					],
					"port": "3000",
					"path": [
						"api",
						"v1",
						"services"
					]
				}
			},
			"response": []
		},
		{
			"name": "Creating an experiment (with sample count as termination criteria)",
			"event": [
				{
					"listen": "test",
					"script": {
						"id": "be90f717-2ab7-4b11-8039-80553b1a8912",
						"exec": [
							"var result = JSON.parse(responseBody);",
							"",
							"// Captures the id of the experiment",
							"if (result.success) {",
							"    pm.globals.set(\"experiment_id\", JSON.parse(responseBody).data.experiment.id);",
							"}"
						],
						"type": "text/javascript"
					}
				}
			],
			"request": {
				"method": "POST",
				"header": [
					{
						"key": "Service-ID",
						"value": "{{service_id}}",
						"description": "ID of the service the request is being made for",
						"type": "text"
					},
					{
						"key": "Content-Type",
						"name": "Content-Type",
						"value": "application/json",
						"type": "text"
					}
				],
				"body": {
					"mode": "raw",
					"raw": "{\n    \"name\": \"Loan product selection test {{$guid}}\",\n    \"scheduled_start_date\": \"2019-05-25 07:30:00\",\n    \"experiment_buckets\": [\n        {\n            \"bucket_name\": \"a\",\n            \"percentage_distribution\": 30\n        },\n        {\n            \"bucket_name\": \"b\",\n            \"percentage_distribution\": 70\n        }\n    ],\n    \"experiment_termination\": {\n        \"termination_type\": \"SampleCount\",\n        \"termination_value\": 1000\n    },\n    \"experiment_sampling_criteria\": [\n        {\n            \"sampling_model\": \"User\",\n            \"sampling_attribute\": \"id\",\n            \"experiment_sampling_conditions\": [\n                {\n                    \"model\": \"FineractLoan\",\n                    \"property\": \"status\",\n                    \"value\": \"DISBURSED\",\n                    \"value_type\": \"string\",\n                    \"condition\": \"equality\"\n                },\n                {\n                    \"model\": \"FineractLoan\",\n                    \"property\": \"request_principal\",\n                    \"value\": \"200000\",\n                    \"value_type\": \"integer\",\n                    \"condition\": \"less_than\"\n                }\n            ]\n        }\n    ]\n}"
				},
				"url": {
					"raw": "http://localhost:3000/api/v1/experiments",
					"protocol": "http",
					"host": [
						"localhost"
					],
					"port": "3000",
					"path": [
						"api",
						"v1",
						"experiments"
					]
				}
			},
			"response": []
		},
		{
			"name": "Activate the experiment",
			"request": {
				"method": "PUT",
				"header": [
					{
						"description": "ID of service the request is being made for",
						"key": "Service-ID",
						"type": "text",
						"value": "{{service_id}}"
					}
				],
				"url": {
					"raw": "http://localhost:3000/api/v1/experiments/{{experiment_id}}/activate",
					"protocol": "http",
					"host": [
						"localhost"
					],
					"port": "3000",
					"path": [
						"api",
						"v1",
						"experiments",
						"{{experiment_id}}",
						"activate"
					]
				}
			},
			"response": []
		},
		{
			"name": "Creating an experiment (with DateTime as termination criteria)",
			"event": [
				{
					"listen": "prerequest",
					"script": {
						"id": "fae05ec1-aefb-4933-9cf3-9ee212e036c5",
						"exec": [
							"var moment = require('moment');",
							"pm.globals.set(\"termination_date\", moment().format(\"YYYY-MM-DD HH:mm:ss\"));"
						],
						"type": "text/javascript"
					}
				},
				{
					"listen": "test",
					"script": {
						"id": "6ea86367-1e94-4749-804a-792ea5f9b2d9",
						"exec": [
							""
						],
						"type": "text/javascript"
					}
				}
			],
			"request": {
				"method": "POST",
				"header": [
					{
						"key": "Service-ID",
						"value": "{{service_id}}",
						"description": "ID of the service for which the experiment is being created",
						"type": "text"
					},
					{
						"key": "Content-Type",
						"name": "Content-Type",
						"value": "application/json",
						"type": "text"
					}
				],
				"body": {
					"mode": "raw",
					"raw": "{\n    \"name\": \"Loan product selection test {{$guid}}\",\n    \"scheduled_start_date\": \"2019-05-25 07:30:00\",\n    \"experiment_buckets\": [\n        {\n            \"bucket_name\": \"a\",\n            \"percentage_distribution\": 30\n        },\n        {\n            \"bucket_name\": \"b\",\n            \"percentage_distribution\": 70\n        }\n    ],\n    \"experiment_termination\": {\n        \"termination_type\": \"DateTime\",\n        \"termination_value\": \"{{termination_date}}\"\n    },\n    \"experiment_sampling_criteria\": [\n        {\n            \"sampling_model\": \"User\",\n            \"sampling_attribute\": \"id\",\n            \"experiment_sampling_conditions\": [\n                {\n                    \"model\": \"FineractLoan\",\n                    \"property\": \"status\",\n                    \"value\": \"DISBURSED\",\n                    \"value_type\": \"string\",\n                    \"condition\": \"equality\"\n                },\n                {\n                    \"model\": \"FineractLoan\",\n                    \"property\": \"request_principal\",\n                    \"value\": \"200000\",\n                    \"value_type\": \"integer\",\n                    \"condition\": \"less_than\"\n                }\n            ]\n        }\n    ]\n}"
				},
				"url": {
					"raw": "http://localhost:3000/api/v1/experiments",
					"protocol": "http",
					"host": [
						"localhost"
					],
					"port": "3000",
					"path": [
						"api",
						"v1",
						"experiments"
					]
				}
			},
			"response": []
		},
		{
			"name": "List active experiments",
			"event": [
				{
					"listen": "test",
					"script": {
						"id": "9782023d-33fa-4701-98ca-0141d59328d2",
						"exec": [
							"http://localhost:3000/api/v1/experiments"
						],
						"type": "text/javascript"
					}
				}
			],
			"request": {
				"method": "GET",
				"header": [
					{
						"key": "Service-ID",
						"value": "{{service_id}}",
						"description": "ID of the service the request is being made for",
						"type": "text"
					}
				],
				"url": {
					"raw": "http://localhost:3000/api/v1/experiments?active_only=true",
					"protocol": "http",
					"host": [
						"localhost"
					],
					"port": "3000",
					"path": [
						"api",
						"v1",
						"experiments"
					],
					"query": [
						{
							"key": "active_only",
							"value": "true",
							"description": "List only active experiments"
						}
					]
				}
			},
			"response": []
		},
		{
			"name": "Sample a data point",
			"event": [
				{
					"listen": "test",
					"script": {
						"id": "582019f5-4fd1-47de-97e9-590d682e7df8",
						"exec": [
							"var result = JSON.parse(responseBody);",
							"",
							"// Captures the id of the experiment",
							"if (result.success) {",
							"    pm.globals.set(\"bucketed_sample_id\", JSON.parse(responseBody).data.bucketed_sample.id);",
							"}"
						],
						"type": "text/javascript"
					}
				}
			],
			"request": {
				"method": "POST",
				"header": [
					{
						"key": "Service-ID",
						"value": "{{service_id}}",
						"type": "text"
					},
					{
						"key": "Content-Type",
						"name": "Content-Type",
						"value": "application/json",
						"type": "text"
					}
				],
				"body": {
					"mode": "raw",
					"raw": "{\n    \"sampled_entity\": \"User\",\n    \"sampled_value\": \"some-user-id\"\n}"
				},
				"url": {
					"raw": "http://localhost:3000/api/v1/experiments/{{experiment_id}}/bucketed_samples",
					"protocol": "http",
					"host": [
						"localhost"
					],
					"port": "3000",
					"path": [
						"api",
						"v1",
						"experiments",
						"{{experiment_id}}",
						"bucketed_samples"
					]
				}
			},
			"response": []
		},
		{
			"name": "Mark the sample as complete",
			"request": {
				"method": "PUT",
				"header": [
					{
						"key": "Service-ID",
						"value": "{{service_id}}",
						"type": "text"
					}
				],
				"url": {
					"raw": "http://localhost:3000/api/v1/experiments/{{experiment_id}}/bucketed_samples/{{bucketed_sample_id}}/complete",
					"protocol": "http",
					"host": [
						"localhost"
					],
					"port": "3000",
					"path": [
						"api",
						"v1",
						"experiments",
						"{{experiment_id}}",
						"bucketed_samples",
						"{{bucketed_sample_id}}",
						"complete"
					]
				}
			},
			"response": []
		}
	]
}
